学会名,URL,開催日,開催地
日本成人病(生活習慣病)学会学術集会（第58回）,https://medical.nikkeibp.co.jp/inc/all/gakkai/calendar/if2501002.html,2025.01.11（土）-12（日）,東京都千代田区
日本性差医学・医療学会学術集会（第18回）,https://medical.nikkeibp.co.jp/inc/all/gakkai/calendar/if2501007.html,2025.01.12（日）-13（月祝）,熊本市中央区
日本病態栄養学会年次学術集会（第28回）,https://medical.nikkeibp.co.jp/inc/all/gakkai/calendar/if2501004.html,2025.01.17（金）-19（日）,京都市左京区
糖尿病学の進歩（第59回）,https://medical.nikkeibp.co.jp/inc/all/gakkai/calendar/if2502015.html,2025.01.24（金）-25（土）,那覇市
JCRミッドウィンターセミナー（第38回）,https://medical.nikkeibp.co.jp/inc/all/gakkai/calendar/if2501006.html,2025.01.25（土）-26（日）,熊本市中央区
日本糖尿病眼学会総会（第31回）,https://medical.nikkeibp.co.jp/inc/all/gakkai/calendar/if2506033.html,2025.01.25（土）-26（日）,那覇市
大腸癌研究会学術集会（第102回）,https://medical.nikkeibp.co.jp/inc/all/gakkai/calendar/if2507018.html,2025.01.30（木）-31（金）,別府市
日本行動医学会学術総会【第26回日本子ども健康科学会学術大会と合同開催】（第31回）,https://medical.nikkeibp.co.jp/inc/all/gakkai/calendar/if2412003.html,2025.02.01（土）-2（日）,東京都文京区
日本脳神経外科救急学会（第30回）,https://medical.nikkeibp.co.jp/inc/all/gakkai/calendar/if2502017.html,2025.02.06（木）-7（金）,東京都千代田区
日本脊椎前方側方進入手術学会（第11回）,https://medical.nikkeibp.co.jp/inc/all/gakkai/calendar/if2502021.html,2025.02.08（土）,東京都港区
動脈硬化教育フォーラム（第25回）,https://medical.nikkeibp.co.jp/inc/all/gakkai/calendar/if2502020.html,2025.02.09（日）,仙台市青葉区
日本疫学会学術総会（第35回）,https://medical.nikkeibp.co.jp/inc/all/gakkai/calendar/if2501001.html,2025.02.12（水）-14（金）,高知市
日本栄養治療学会学術集会（第40回）,https://medical.nikkeibp.co.jp/inc/all/gakkai/calendar/if2502018.html,2025.02.14（金）-15（土）,横浜市西区
日本心臓血管外科学会学術総会（第55回）,https://medical.nikkeibp.co.jp/inc/all/gakkai/calendar/if2502011.html,2025.02.20（木）-22（土）,下関市、北九州市
日本痛風・尿酸核酸学会総会（第58回）,https://medical.nikkeibp.co.jp/inc/all/gakkai/calendar/if2502014.html,2025.02.20（木）-21（金）,東京都墨田区
日本消化管学会総会学術集会【GI Week 2025として、The 18th IGICS、第52回日本潰瘍学会、第18回日本カプセル内視鏡学会学術集会、第23回日本消化管学会教育講演会と合同開催】（第21回）,https://medical.nikkeibp.co.jp/inc/all/gakkai/calendar/if2502008.html,2025.02.21（金）-22（土）,東京都新宿区
日本神経放射線学会（第54回）,https://medical.nikkeibp.co.jp/inc/all/gakkai/calendar/if2502009.html,2025.02.21（金）-22（土）,京都市東山区
日本人工関節学会（第55回）,https://medical.nikkeibp.co.jp/inc/all/gakkai/calendar/if2502010.html,2025.02.21（金）-22（土）,名古屋市港区
日本脳神経外傷学会（第48回）,https://medical.nikkeibp.co.jp/inc/all/gakkai/calendar/if2503014.html,2025.02.21（金）-22（土）,東京都千代田区
IGICS(International Gastrointestinal Consensus Symposium) 【GIWeek2025として、第21回日本消化管学会総会学術集会、第52回日本潰瘍学会、第18回日本カプセル内視鏡学会学術集会、第23回日本消化管学会教育講演会と合同開催】（The 18th）,https://medical.nikkeibp.co.jp/inc/all/gakkai/calendar/if2502001.html,2025.02.22（土）,東京都新宿区
日本潰瘍学会【GI Week 2025として、第21回日本消化管学会総会学術集会、The 18th IGICS、第18回日本カプセル内視鏡学会学術集会、第23回日本消化管学会教育講演会と合同開催】（第52回）,https://medical.nikkeibp.co.jp/inc/all/gakkai/calendar/if2502004.html,2025.02.22（土）-23（日）,東京都新宿区
日本カプセル内視鏡学会学術集会【GI Week 2025として、第21回日本消化管学会総会学術集会、The 18th IGICS、第52回日本潰瘍学会、第23回日本消化管学会教育講演会と合同開催】（第18回）,https://medical.nikkeibp.co.jp/inc/all/gakkai/calendar/if2502005.html,2025.02.23（日）,東京都新宿区
日本消化管学会教育講演会【GI Week 2025として、第21回日本消化管学会総会学術集会、The 18th IGICS、第52回日本潰瘍学会、第18回日本カプセル内視鏡学会学術集会と合同開催】（第23回）,https://medical.nikkeibp.co.jp/inc/all/gakkai/calendar/if2502007.html,2025.02.23（日）,
日本造血・免疫細胞療法学会総会（第47回）,https://medical.nikkeibp.co.jp/inc/all/gakkai/calendar/if2503012.html,2025.02.27（木）-3.1（土）,大阪市北区
日本がん口腔支持療法学会学術大会（第10回）,https://medical.nikkeibp.co.jp/inc/all/gakkai/calendar/if2503027.html,2025.03.01（土）-2（日）,松山市
腎と妊娠研究会学術集会（第34回）,https://medical.nikkeibp.co.jp/inc/all/gakkai/calendar/if2503025.html,2025.03.01（土）,倉敷市
日本発達心理学会大会（第36回）,https://medical.nikkeibp.co.jp/inc/all/gakkai/calendar/if2503018.html,2025.03.04（火）-6（木）,日野市
日本喉頭科学会総会・学術講演会（第37回）,https://medical.nikkeibp.co.jp/inc/all/gakkai/calendar/if2503005.html,2025.03.06（木）-7（金）,福島市
日本災害医学会総会・学術集会（第30回）,https://medical.nikkeibp.co.jp/inc/all/gakkai/calendar/if2502006.html,2025.03.06（木）-8（土）,名古屋市港区
SAH/スパズム・シンポジウム【「STROKE2025」として、第50回日本脳卒中学会学術集会、第54回日本脳卒中の外科学会学術集会と合同開催】（第41回）,https://medical.nikkeibp.co.jp/inc/all/gakkai/calendar/if2503010.html,2025.03.06（木）-8（土）,大阪市北区
日本脳卒中学会学術集会【「STROKE2025」として、第54回日本脳卒中の外科学会学術集会、第41回SAH/スパズム・シンポジウムと合同開催】（第50回）,https://medical.nikkeibp.co.jp/inc/all/gakkai/calendar/if2503016.html,2025.03.06（木）-8（土）,大阪市北区
日本脳卒中の外科学会学術集会【「STROKE2025」として、第50回日本脳卒中学会学術集会、第41回SAH/スパズム・シンポジウムと合同開催】（第54回）,https://medical.nikkeibp.co.jp/inc/all/gakkai/calendar/if2503017.html,2025.03.06（木）-8（土）,大阪市北区
日本臨床腫瘍学会学術集会（第22回）,https://medical.nikkeibp.co.jp/inc/all/gakkai/calendar/if2502019.html,2025.03.06（木）-8（土）,神戸市中央区
日本膵・膵島移植学会学術集会（第52回）,https://medical.nikkeibp.co.jp/inc/all/gakkai/calendar/if2502013.html,2025.03.07（金）-8（土）,大阪市天王寺区
日本軟骨代謝学会（第37回）,https://medical.nikkeibp.co.jp/inc/all/gakkai/calendar/if2502016.html,2025.03.07（金）-8（土）,名古屋市千種区
日本小児診療多職種研究会（第11回）,https://medical.nikkeibp.co.jp/inc/all/gakkai/calendar/if2503026.html,2025.03.08（土）-9（日）,広島市中区
日本胃癌学会総会【第9回日本ハンガリーポーランド外科学会（JHPSS)と同時開催】（第97回）,https://medical.nikkeibp.co.jp/inc/all/gakkai/calendar/if2502003.html,2025.03.12（水）-14（金）,名古屋市中村区
日本集中治療医学会学術集会（第52回）,https://medical.nikkeibp.co.jp/inc/all/gakkai/calendar/if2503008.html,2025.03.14（金）-16（日）,福岡市博多区
日本医療安全学会学術総会（第11回）,https://medical.nikkeibp.co.jp/inc/all/gakkai/calendar/if2504003.html,2025.03.15（土）-16（日）,名古屋市中村区
日本臨床肛門病学会学術集会（第8回）,https://medical.nikkeibp.co.jp/inc/all/gakkai/calendar/if2503023.html,2025.03.15（土）-16（日）,東京都新宿区
文化看護学会学術集会（第17回）,https://medical.nikkeibp.co.jp/inc/all/gakkai/calendar/if2503024.html,2025.03.16（日）,千葉市中央区
日本解剖学会総会・全国学術集会【第102回日本生理学会、第98回日本薬理学会年会と合同大会】（第130回）,https://medical.nikkeibp.co.jp/inc/all/gakkai/calendar/if2503003.html,2025.03.17（月）-19（水）,千葉市美浜区
日本生理学会大会【APPW2025として第130回日本解剖学会総会・全国学術集会、第98回日本薬理学会年会と合同大会】（第102回）,https://medical.nikkeibp.co.jp/inc/all/gakkai/calendar/if2503011.html,2025.03.17（月）-19（水）,千葉市美浜区
日本薬理学会年会【第130回日本解剖学会、第102回日本生理学会と合同大会】（第98回）,https://medical.nikkeibp.co.jp/inc/all/gakkai/calendar/if2412016.html,2025.03.17（月）-19（水）,千葉市美浜区
日本寄生虫学会大会（第94回）,https://medical.nikkeibp.co.jp/inc/all/gakkai/calendar/if2503004.html,2025.03.18（火）-19（水）,吹田市
日本衛生学会学術総会（第95回）,https://medical.nikkeibp.co.jp/inc/all/gakkai/calendar/if2503002.html,2025.03.19（水）-21（金）,さいたま市大宮区
日本再生医療学会総会（第24回）,https://medical.nikkeibp.co.jp/inc/all/gakkai/calendar/if2503007.html,2025.03.20（木祝）-22（土）,横浜市西区
日本腹部救急医学会総会（第61回）,https://medical.nikkeibp.co.jp/inc/all/gakkai/calendar/if2503020.html,2025.03.20（木祝）-21（金）,名古屋市中村区
総合アレルギー講習会（第11回）,https://medical.nikkeibp.co.jp/inc/all/gakkai/calendar/if2503013.html,2025.03.22（土）-23（日）,神戸市中央区
日本薬学会年会（第145回）,https://medical.nikkeibp.co.jp/inc/all/gakkai/calendar/if2503021.html,2025.03.26（水）-29（土）,福岡市博多区
日本循環器学会学術集会（第89回）,https://medical.nikkeibp.co.jp/inc/all/gakkai/calendar/if2503009.html,2025.03.28（金）-30（日）,横浜市西区
腎と脂質研究会（第37回）,https://medical.nikkeibp.co.jp/inc/all/gakkai/calendar/if2502012.html,2025.03.29（土）,高松市
日本臨床皮膚科医会総会・臨床学術大会（第41回）,https://medical.nikkeibp.co.jp/inc/all/gakkai/calendar/if2504019.html,2025.04.05（土）-6（日）,金沢市
日本医学放射線学会総会（第84回）,https://medical.nikkeibp.co.jp/inc/all/gakkai/calendar/if2504001.html,2025.04.10（木）-13（日）,横浜市西区
日本外科学会定期学術集会（第125回）,https://medical.nikkeibp.co.jp/inc/all/gakkai/calendar/if2504008.html,2025.04.10（木）-12（土）,仙台市青葉区
日本手外科学会学術集会（第68回）,https://medical.nikkeibp.co.jp/inc/all/gakkai/calendar/if2504014.html,2025.04.10（木）-11（金）,横浜市西区
日本衛生動物学会大会（第77回）,https://medical.nikkeibp.co.jp/inc/all/gakkai/calendar/if2504005.html,2025.04.11（金）-13（日）,長崎市
日本呼吸器学会学術講演会（第65回）,https://medical.nikkeibp.co.jp/inc/all/gakkai/calendar/if2504009.html,2025.04.11（金）-13（日）,東京都千代田区
日本老年脳神経外科学会（第38回）,https://medical.nikkeibp.co.jp/inc/all/gakkai/calendar/if2504020.html,2025.04.11（金）-12（土）,小田原市
日本骨盤臓器脱手術学会学術集会（第18回）,https://medical.nikkeibp.co.jp/inc/all/gakkai/calendar/if2503006.html,2025.04.12（土）-13（日）,札幌市東区
日本形成外科学会総会・学術集会（第68回）,https://medical.nikkeibp.co.jp/inc/all/gakkai/calendar/if2504007.html,2025.04.16（水）-18（金）,東京都千代田区
日本眼科学会総会（第129回）,https://medical.nikkeibp.co.jp/inc/all/gakkai/calendar/if2504006.html,2025.04.17（木）-20（日）,東京都千代田区
日本耳鼻咽喉科免疫アレルギー感染症学会総会・学術講演会（第5回）,https://medical.nikkeibp.co.jp/inc/all/gakkai/calendar/if2504011.html,2025.04.17（木）-19（土）,秋田市
日本脊椎脊髄病学会学術集会（第54回）,https://medical.nikkeibp.co.jp/inc/all/gakkai/calendar/if2504013.html,2025.04.17（木）-19（土）,千葉市美浜区
日本泌尿器科学会総会（第112回）,https://medical.nikkeibp.co.jp/inc/all/gakkai/calendar/if2504016.html,2025.04.17（木）-19（土）,福岡市博多区
日本病理学会総会（第114回）,https://medical.nikkeibp.co.jp/inc/all/gakkai/calendar/if2503019.html,2025.04.17（木）-19（土）,仙台市青葉区
日本小児科学会学術集会（第128回）,https://medical.nikkeibp.co.jp/inc/all/gakkai/calendar/if2504012.html,2025.04.18（金）-20（日）,名古屋市港区
日本内科学会総会・講演会（第122回）,https://medical.nikkeibp.co.jp/inc/all/gakkai/calendar/if2504015.html,2025.04.18（金）-20（日）,大阪市北区
日本臨床内科医会総合学術集会（第42回）,https://medical.nikkeibp.co.jp/inc/all/gakkai/calendar/if2504018.html,2025.04.20（日）,大阪市中央区
日本消化器病学会総会（第111回）,https://medical.nikkeibp.co.jp/inc/all/gakkai/calendar/if2505010.html,2025.04.24（木）-26（土）,東京都新宿区
日本リウマチ学会総会・学術集会（第69回）,https://medical.nikkeibp.co.jp/inc/all/gakkai/calendar/if2504017.html,2025.04.24（木）-26（土）,福岡市博多区
日本うつ病リワーク協会年次大会（第8回）,https://medical.nikkeibp.co.jp/inc/all/gakkai/calendar/if2504004.html,2025.04.26（土）-27（日）,松本市
日本生殖医学会学術講演会【国際生殖医学会2025（IFFS2025）を併催】（第70回）,https://medical.nikkeibp.co.jp/inc/all/gakkai/calendar/if2511025.html,2025.04.27（日）-28（月）,東京都千代田区
日本化学療法学会総会【第99回日本感染症学会総会・学術講演会と合同学会】（第73回）,https://medical.nikkeibp.co.jp/inc/all/gakkai/calendar/if2506006.html,2025.05.08（木）-10（土）,横浜市西区
日本感染症学会総会・学術講演会【第73回日本化学療法学会総会と合同学会】（第99回）,https://medical.nikkeibp.co.jp/inc/all/gakkai/calendar/if2506007.html,2025.05.08（木）-10（土）,横浜市西区
日本産業衛生学会（第98回）,https://medical.nikkeibp.co.jp/inc/all/gakkai/calendar/if2505008.html,2025.05.14（水）-17（土）,仙台市青葉区
日本口腔科学会学術集会（第79回）,https://medical.nikkeibp.co.jp/inc/all/gakkai/calendar/if2507005.html,2025.05.15（木）-17（土）,松本市
日本呼吸器外科学会学術集会（第42回）,https://medical.nikkeibp.co.jp/inc/all/gakkai/calendar/if2505007.html,2025.05.15（木）-16（金）,東京都港区
日本眼形成再建外科学会学術集会（第12回）,https://medical.nikkeibp.co.jp/inc/all/gakkai/calendar/if2505003.html,2025.05.17（土）,京都市上京区
高血圧フォーラム2025,https://medical.nikkeibp.co.jp/inc/all/gakkai/calendar/if2505006.html,2025.05.17（土）-18（日）,広島市中区
日本旅行医学会大会（第23回）,https://medical.nikkeibp.co.jp/inc/all/gakkai/calendar/if2505021.html,2025.05.17（土）-18（日）,
日本血管外科学会学術総会（第53回）,https://medical.nikkeibp.co.jp/inc/all/gakkai/calendar/if2505005.html,2025.05.21（水）-23（金）,北九州市小倉北区
日本外科系連合学会学術集会（第50回）,https://medical.nikkeibp.co.jp/inc/all/gakkai/calendar/if2506014.html,2025.05.21（水）-23（金）,福井市
日本神経学会学術大会（第66回）,https://medical.nikkeibp.co.jp/inc/all/gakkai/calendar/if2505013.html,2025.05.21（水）-24（土）,大阪市北区
日本整形外科学会学術総会（第98回）,https://medical.nikkeibp.co.jp/inc/all/gakkai/calendar/if2505015.html,2025.05.22（木）-25（日）,東京都千代田区
日本ハンセン病学会総会・学術大会（第98回）,https://medical.nikkeibp.co.jp/inc/all/gakkai/calendar/if2506036.html,2025.05.22（木）-23（金）,新発田市
日本ヘルニア内視鏡外科手術手技研究集会【第23回日本ヘルニア学会学術集会と併催】（第22回）,https://medical.nikkeibp.co.jp/inc/all/gakkai/calendar/if2505025.html,2025.05.22（木）,盛岡市
日本栄養・食糧学会大会（第79回）,https://medical.nikkeibp.co.jp/inc/all/gakkai/calendar/if2505002.html,2025.05.23（金）-25（日）,名古屋市千種区
日本産科婦人科学会学術講演会（第77回）,https://medical.nikkeibp.co.jp/inc/all/gakkai/calendar/if2504010.html,2025.05.23（金）-25（日）,岡山市北区
日本ヘルニア学会学術集会【第22回日本ヘルニア内視鏡外科手術手技研究集会と併催】（第23回）,https://medical.nikkeibp.co.jp/inc/all/gakkai/calendar/if2505024.html,2025.05.23（金）-24（土）,盛岡市
日本温泉気候物理医学会総会・学術集会（第90回）,https://medical.nikkeibp.co.jp/inc/all/gakkai/calendar/if2506004.html,2025.05.24（土）-25（日）,横浜市中区
日本耳鼻咽喉科頭頸部外科学会総会・学術講演会（第126回）,https://medical.nikkeibp.co.jp/inc/all/gakkai/calendar/if2505009.html,2025.05.27（火）-30（金）,横浜市西区
日本細菌学会総会（第98回）,https://medical.nikkeibp.co.jp/inc/all/gakkai/calendar/if2508008.html,2025.05.29（木）-31（土）,金沢市
日本糖尿病学会年次学術集会（第68回）,https://medical.nikkeibp.co.jp/inc/all/gakkai/calendar/if2505018.html,2025.05.29（木）-31（土）,岡山市北区
日本熱傷学会総会・学術集会（第51回）,https://medical.nikkeibp.co.jp/inc/all/gakkai/calendar/if2506035.html,2025.05.29（木）-30（金）,金沢市
日本皮膚科学会総会（第124回）,https://medical.nikkeibp.co.jp/inc/all/gakkai/calendar/if2506037.html,2025.05.29（木）-6.1（日）,横浜市西区
日本超音波医学会学術集会【WFUMB2025を同時開催】（第98回）,https://medical.nikkeibp.co.jp/inc/all/gakkai/calendar/if2505017.html,2025.05.30（金）-6.1（日）,京都市左京区
日本輸血・細胞治療学会学術総会（第73回）,https://medical.nikkeibp.co.jp/inc/all/gakkai/calendar/if2505020.html,2025.05.30（金）-6.1（日）,札幌市白石区
日本理学療法学術研修大会（第60回）,https://medical.nikkeibp.co.jp/inc/all/gakkai/calendar/if2506043.html,2025.05.31（土）-6.1（日）,東京都千代田区
日本プラセンタ医学会大会（第35回）,https://medical.nikkeibp.co.jp/inc/all/gakkai/calendar/if2506049.html,2025.06.01（日）,東京都千代田区
日本小児神経学会学術集会（第67回）,https://medical.nikkeibp.co.jp/inc/all/gakkai/calendar/if2505012.html,2025.06.04（水）-7（土）,米子市
日本肝臓学会総会（第61回）,https://medical.nikkeibp.co.jp/inc/all/gakkai/calendar/if2506008.html,2025.06.05（木）-6（金）,東京都千代田区
日本小児外科学会学術集会（第62回）,https://medical.nikkeibp.co.jp/inc/all/gakkai/calendar/if2505011.html,2025.06.05（木）-7（土）,東京都千代田区
日本神経病理学会総会学術研究会（第66回）,https://medical.nikkeibp.co.jp/inc/all/gakkai/calendar/if2505014.html,2025.06.05（木）-7（土）,和歌山市
日本生体医工学会大会（第64回）,https://medical.nikkeibp.co.jp/inc/all/gakkai/calendar/if2505016.html,2025.06.05（木）-7（土）,福井市
日本内分泌学会学術総会（第98回）,https://medical.nikkeibp.co.jp/inc/all/gakkai/calendar/if2506034.html,2025.06.05（木）-7（土）,千葉市美浜区
日本麻酔科学会学術集会（第72回）,https://medical.nikkeibp.co.jp/inc/all/gakkai/calendar/if2506042.html,2025.06.05（木）-7（土）,神戸市中央区
日本医工学治療学会学術大会（第41回）,https://medical.nikkeibp.co.jp/inc/all/gakkai/calendar/if2505001.html,2025.06.06（金）-8（日）,熊本市中央区
日本結核・非結核性抗酸菌症学会学術講演会（第100回）,https://medical.nikkeibp.co.jp/inc/all/gakkai/calendar/if2505004.html,2025.06.06（金）-7（土）,横浜市西区
日本小児神経外科学会（第53回）,https://medical.nikkeibp.co.jp/inc/all/gakkai/calendar/if2506024.html,2025.06.06（金）-7（土）,奈良市
日本東洋医学会学術総会（第75回）,https://medical.nikkeibp.co.jp/inc/all/gakkai/calendar/if2505019.html,2025.06.06（金）-8（日）,東京都新宿区
日本がん薬剤学会（JSOPP）学術大会（第17回）,https://medical.nikkeibp.co.jp/inc/all/gakkai/calendar/if2506011.html,2025.06.07（土）,鹿児島市
日本法医学会学術全国集会（第109次）,https://medical.nikkeibp.co.jp/inc/all/gakkai/calendar/if2506041.html,2025.06.11（水）-13（金）,久留米市
日本医療機器学会大会（第100回）,https://medical.nikkeibp.co.jp/inc/all/gakkai/calendar/if2506002.html,2025.06.12（木）-14（土）,横浜市西区
日本呼吸器内視鏡学会学術集会（第48回）,https://medical.nikkeibp.co.jp/inc/all/gakkai/calendar/if2506017.html,2025.06.12（木）-13（金）,仙台市青葉区
日本リハビリテーション医学会学術集会（第62回）,https://medical.nikkeibp.co.jp/inc/all/gakkai/calendar/if2506044.html,2025.06.12（木）-14（土）,京都市左京区
日本肝胆膵外科学会学術集会（第37回）,https://medical.nikkeibp.co.jp/inc/all/gakkai/calendar/if2506009.html,2025.06.13（金）-14（土）,軽井沢町
日本自己血輸血・周術期輸血学会学術総会（第38回）,https://medical.nikkeibp.co.jp/inc/all/gakkai/calendar/if2507008.html,2025.06.13（金）-14（土）,名古屋市中村区
日本在宅医療連合学会大会（第7回）,https://medical.nikkeibp.co.jp/inc/all/gakkai/calendar/if2507006.html,2025.06.14（土）-15（日）,長崎市
日本小児科医会総会フォーラムinKOBE（第36回）,https://medical.nikkeibp.co.jp/inc/all/gakkai/calendar/if2506022.html,2025.06.14（土）-15（日）,神戸市中央区
日本小児精神神経学会（第133回）,https://medical.nikkeibp.co.jp/inc/all/gakkai/calendar/if2511019.html,2025.06.14（土）-15（日）,川崎市中原区
日本カイロプラクティック科学学会学術大会（第16回）,https://medical.nikkeibp.co.jp/inc/all/gakkai/calendar/if2506005.html,2025.06.15（日）-16（月）,
日本がん転移学会学術集会・総会（第34回）,https://medical.nikkeibp.co.jp/inc/all/gakkai/calendar/if2506010.html,2025.06.19（木）-20（金）,淡路市
日本小児耳鼻咽喉科学会総会・学術講演会（第20回）,https://medical.nikkeibp.co.jp/inc/all/gakkai/calendar/if2507011.html,2025.06.19（木）-20（金）,倉敷市
日本頭蓋底外科学会（第37回）,https://medical.nikkeibp.co.jp/inc/all/gakkai/calendar/if2506048.html,2025.06.19（木）-20（金）,長崎市
日本精神神経学会学術総会（第121回）,https://medical.nikkeibp.co.jp/inc/all/gakkai/calendar/if2506029.html,2025.06.19（木）-21（土）,神戸市中央区
日本臨床救急医学会総会・学術集会（第28回）,https://medical.nikkeibp.co.jp/inc/all/gakkai/calendar/if2507027.html,2025.06.19（木）-21（土）,横浜市西区
日本腎臓学会学術総会（第68回）,https://medical.nikkeibp.co.jp/inc/all/gakkai/calendar/if2506028.html,2025.06.20（金）-22（日）,横浜市西区
日本プライマリ・ケア連合学会学術大会（第16回）,https://medical.nikkeibp.co.jp/inc/all/gakkai/calendar/if2506040.html,2025.06.20（金）-22（日）,札幌市白石区
日本交通医学会総会（第79回）,https://medical.nikkeibp.co.jp/inc/all/gakkai/calendar/if2506016.html,2025.06.21（土）-22（日）,東京都渋谷区
日本心身医学会総会ならびに学術講演会（第66回）,https://medical.nikkeibp.co.jp/inc/all/gakkai/calendar/if2506027.html,2025.06.21（土）-22（日）,弘前市
腸内細菌学会学術集会（第29回）,https://medical.nikkeibp.co.jp/inc/all/gakkai/calendar/if2506031.html,2025.06.23（月）-24（火）,東京都江戸川区
日本食道学会学術集会（第79回）,https://medical.nikkeibp.co.jp/inc/all/gakkai/calendar/if2507013.html,2025.06.26（木）-27（金）,京都市左京区
日本医療情報学会看護学術大会（第26回）,https://medical.nikkeibp.co.jp/inc/all/gakkai/calendar/if2508004.html,2025.06.27（金）-28（土）,鹿児島市
日本血栓止血学会学術集会（第47回）,https://medical.nikkeibp.co.jp/inc/all/gakkai/calendar/if2506015.html,2025.06.27（金）-29（日）,名古屋市中村区
日本消化器がん検診学会総会（第64回）,https://medical.nikkeibp.co.jp/inc/all/gakkai/calendar/if2506021.html,2025.06.27（金）-29（日）,旭川市
日本透析医学会学術集会・総会（第70回）,https://medical.nikkeibp.co.jp/inc/all/gakkai/calendar/if2506032.html,2025.06.27（金）-29（日）,大阪市北区、福島区
日本臨床細胞学会総会春期大会（第66回）,https://medical.nikkeibp.co.jp/inc/all/gakkai/calendar/if2506045.html,2025.06.27（金）-29（日）,東京都新宿区
日本老年医学会学術集会（第67回）,https://medical.nikkeibp.co.jp/inc/all/gakkai/calendar/if2506047.html,2025.06.27（金）-29（日）,千葉市美浜区
医療薬学フォーラム／第33回クリニカルファーマシーシンポジウム（2025）,https://medical.nikkeibp.co.jp/inc/all/gakkai/calendar/if2506050.html,2025.06.28（土）-29（日）,旭川市
日本睡眠学会定期学術集会（第49回）,https://medical.nikkeibp.co.jp/inc/all/gakkai/calendar/if2507015.html,2025.06.28（土）-29（日）,広島市南区
日本医療情報学会春季学術大会（シンポジウム2025 in 仙台）（第29回）,https://medical.nikkeibp.co.jp/inc/all/gakkai/calendar/if2506003.html,2025.07.03（木）-5（土）,仙台市青葉区
大腸癌研究会学術集会（第103回）,https://medical.nikkeibp.co.jp/inc/all/gakkai/calendar/if2601004.html,2025.07.03（木）-4（金）,福井市
日本リンパ腫学会学術集会・総会【第28回日本血液病理研究会と合同開催】（第65回）,https://medical.nikkeibp.co.jp/inc/all/gakkai/calendar/if2506046.html,2025.07.03（木）-5（土）,名古屋市中村区
日本緩和医療学会学術大会（第30回）,https://medical.nikkeibp.co.jp/inc/all/gakkai/calendar/if2506012.html,2025.07.04（金）-5（土）,福岡市博多区
日本医薬品情報学会総会・学術大会（第27回）,https://medical.nikkeibp.co.jp/inc/all/gakkai/calendar/if2506001.html,2025.07.05（土）-6（日）,広島市南区
日本クリティカルケア看護学会学術集会（第21回）,https://medical.nikkeibp.co.jp/inc/all/gakkai/calendar/if2506013.html,2025.07.05（土）-6（日）,東京都江東区
日本女性骨盤底医学会（第27回）,https://medical.nikkeibp.co.jp/inc/all/gakkai/calendar/if2508010.html,2025.07.05（土）-6（日）,福岡市中央区
日本動脈硬化学会総会・学術集会（第57回）,https://medical.nikkeibp.co.jp/inc/all/gakkai/calendar/if2507019.html,2025.07.05（土）-6（日）,つくば市
日本環境感染学会総会・学術集会（第40回）,https://medical.nikkeibp.co.jp/inc/all/gakkai/calendar/if2507002.html,2025.07.10（木）-12（土）,横浜市西区
日本小児循環器学会総会・学術集会（第61回）,https://medical.nikkeibp.co.jp/inc/all/gakkai/calendar/if2507012.html,2025.07.10（木）-12（土）,津市
日本乳癌学会学術総会（第33回）,https://medical.nikkeibp.co.jp/inc/all/gakkai/calendar/if2507022.html,2025.07.10（木）-12（土）,東京都新宿区
日本ペインクリニック学会学術集会（第59回）,https://medical.nikkeibp.co.jp/inc/all/gakkai/calendar/if2507026.html,2025.07.10（木）-12（土）,東京都港区
日本遺伝子診療学会大会（第32回）,https://medical.nikkeibp.co.jp/inc/all/gakkai/calendar/if2509003.html,2025.07.11（金）-12（土）,浜松市中央区
日本老年泌尿器科学会（第38回）,https://medical.nikkeibp.co.jp/inc/all/gakkai/calendar/if2505022.html,2025.07.11（金）-12（土）,東京都千代田区
日本周産期・新生児医学会学術集会（第61回）,https://medical.nikkeibp.co.jp/inc/all/gakkai/calendar/if2507009.html,2025.07.13（日）-15（火）,大阪市北区
日本消化器外科学会総会（第80回）,https://medical.nikkeibp.co.jp/inc/all/gakkai/calendar/if2507010.html,2025.07.16（水）-18（金）,神戸市中央区
日本整形外科学会骨・軟部腫瘍学術集会（第58回）,https://medical.nikkeibp.co.jp/inc/all/gakkai/calendar/if2507016.html,2025.07.17（木）-18（金）,奈良市
日本婦人科腫瘍学会学術講演会（第67回）,https://medical.nikkeibp.co.jp/inc/all/gakkai/calendar/if2507025.html,2025.07.17（木）-19（土）,東京都千代田区
日本白内障学会総会【第51回水晶体研究会と合同開催】（第64回）,https://medical.nikkeibp.co.jp/inc/all/gakkai/calendar/if2508012.html,2025.07.18（金）-20（日）,金沢市
日本渡航医学会学術集会（第29回）,https://medical.nikkeibp.co.jp/inc/all/gakkai/calendar/if2507021.html,2025.07.19（土）-20（日）,奈良市
日本臨床脳神経外科学会（第28回）,https://medical.nikkeibp.co.jp/inc/all/gakkai/calendar/if2507028.html,2025.07.19（土）-20（日）,高知市
日本在宅薬学会学術大会（第18回）,https://medical.nikkeibp.co.jp/inc/all/gakkai/calendar/if2507007.html,2025.07.20（日）-21（月祝）,東京都江東区
JCRミッドサマーセミナー（2025）,https://medical.nikkeibp.co.jp/inc/all/gakkai/calendar/if2507029.html,2025.07.20（日）-21（月祝）,神戸市中央区
日本がん免疫学会学術総会（第29回）,https://medical.nikkeibp.co.jp/inc/all/gakkai/calendar/if2507030.html,2025.07.24（木）-26（土）,名古屋市中村区
日本骨代謝学会学術集会（第43回）,https://medical.nikkeibp.co.jp/inc/all/gakkai/calendar/if2506019.html,2025.07.24（木）-26（土）,熊本市中央区
日本病院学会（第75回）,https://medical.nikkeibp.co.jp/inc/all/gakkai/calendar/if2507024.html,2025.07.24（木）-25（金）,長崎市
日本医学教育学会大会（第57回）,https://medical.nikkeibp.co.jp/inc/all/gakkai/calendar/if2508002.html,2025.07.25（金）-26（土）,秋田市
日本膵臓学会大会（第56回）,https://medical.nikkeibp.co.jp/inc/all/gakkai/calendar/if2507014.html,2025.07.25（金）-26（土）,東京都千代田区
日本先天異常学会学術集会（第65回）,https://medical.nikkeibp.co.jp/inc/all/gakkai/calendar/if2507017.html,2025.07.25（金）-27（日）,伊勢市
日本遺伝カウンセリング学会学術集会（第49回）,https://medical.nikkeibp.co.jp/inc/all/gakkai/calendar/if2508003.html,2025.08.01（金）-3（日）,札幌市中央区
日本高度実践看護学会学術集会（第1回）,https://medical.nikkeibp.co.jp/inc/all/gakkai/calendar/if2506020.html,2025.08.02（土）-3（日）,神戸市中央区
日本看護歴史学会学術集会（第39回）,https://medical.nikkeibp.co.jp/inc/all/gakkai/calendar/if2508018.html,2025.08.09（土）-10（日）,千葉市美浜区
日本看護管理学会学術集会（第29回）,https://medical.nikkeibp.co.jp/inc/all/gakkai/calendar/if2508006.html,2025.08.22（金）-23（土）,札幌市中央区
日本筋学会学術集会（第11回）,https://medical.nikkeibp.co.jp/inc/all/gakkai/calendar/if2508017.html,2025.08.22（金）-23（土）,仙台市青葉区
日本人間ドック・予防医療学会学術大会（第66回）,https://medical.nikkeibp.co.jp/inc/all/gakkai/calendar/if2509019.html,2025.08.22（金）-23（土）,京都市左京区
日本平滑筋学会総会（第67回）,https://medical.nikkeibp.co.jp/inc/all/gakkai/calendar/if2508013.html,2025.08.22（金）-23（土）,東京都荒川区
日本感染看護学会学術集会（第25回）,https://medical.nikkeibp.co.jp/inc/all/gakkai/calendar/if2508007.html,2025.08.23（土）-24（日）,福岡市早良区
北日本看護学会学術集会（第25回）,https://medical.nikkeibp.co.jp/inc/all/gakkai/calendar/if2508016.html,2025.08.23（土）-24（日）,山形市
びまん性肺疾患研究会（第164回）,https://medical.nikkeibp.co.jp/inc/all/gakkai/calendar/if2508019.html,2025.08.23（土）,大阪市中央区
日本薬学教育学会大会（第10回）,https://medical.nikkeibp.co.jp/inc/all/gakkai/calendar/if2508014.html,2025.08.23（土）-24（日）,東京都中野区
和漢医薬学会学術大会（第42回）,https://medical.nikkeibp.co.jp/inc/all/gakkai/calendar/if2508015.html,2025.08.23（土）-24（日）,広島市南区
日本臨床検査医学会学術集会（第72回）,https://medical.nikkeibp.co.jp/inc/all/gakkai/calendar/if2511048.html,2025.08.28（木）-31（日）,千葉市美浜区
日本磁気共鳴医学会大会【ISMRM　JPC2025同時開催】（第53回）,https://medical.nikkeibp.co.jp/inc/all/gakkai/calendar/if2509008.html,2025.08.29（金）-31（日）,姫路市
日本褥瘡学会学術集会（第27回）,https://medical.nikkeibp.co.jp/inc/all/gakkai/calendar/if2509012.html,2025.08.29（金）-30（土）,横浜市西区
日本カウンセリング学会大会（第57回）,https://medical.nikkeibp.co.jp/inc/all/gakkai/calendar/if2507001.html,2025.08.30（土）-31（日）,流山市
日本外来小児科学会年次集会（第34回）,https://medical.nikkeibp.co.jp/inc/all/gakkai/calendar/if2509004.html,2025.08.30（土）-31（日）,高松市
日本呼吸療法医学会学術集会（第47回）,https://medical.nikkeibp.co.jp/inc/all/gakkai/calendar/if2506018.html,2025.08.30（土）-31（日）,大阪市北区
日本糖尿病インフォマティクス学会年次学術集会（第25回）,https://medical.nikkeibp.co.jp/inc/all/gakkai/calendar/if2508011.html,2025.08.30（土）-31（日）,佐賀市
日本社会薬学会年会（第43回）,https://medical.nikkeibp.co.jp/inc/all/gakkai/calendar/if2509009.html,2025.09.06（土）-7（日）,和歌山市
日本看護学会学術集会（第56回）,https://medical.nikkeibp.co.jp/inc/all/gakkai/calendar/if2509006.html,2025.09.12（金）-14（日）,名古屋市港区
日本骨粗鬆症学会（第27回）,https://medical.nikkeibp.co.jp/inc/all/gakkai/calendar/if2509028.html,2025.09.12（金）-14（日）,千葉市美浜区
日本外科教育学会学術集会（第12回）,https://medical.nikkeibp.co.jp/inc/all/gakkai/calendar/if2509026.html,2025.09.13（土）-14（日）,京都市左京区
千葉看護学会学術集会（第31回）,https://medical.nikkeibp.co.jp/inc/all/gakkai/calendar/if2509025.html,2025.09.13（土）,千葉市中央区
日本体力医学会大会（第79回）,https://medical.nikkeibp.co.jp/inc/all/gakkai/calendar/if2509017.html,2025.09.17（水）-19（金）,草津市
日本心臓病学会学術集会（第73回）,https://medical.nikkeibp.co.jp/inc/all/gakkai/calendar/if2509013.html,2025.09.19（金）-21（日）,高知市
糖鎖科学コンソーシアムシンポジウム（第22回）,https://medical.nikkeibp.co.jp/inc/all/gakkai/calendar/if2509027.html,2025.09.19（金）-20（土）,東京都品川区
日本急性血液浄化学会学術集会（第36回）,https://medical.nikkeibp.co.jp/inc/all/gakkai/calendar/if2510011.html,2025.09.20（土）-21（日）,東京都千代田区
腸内フローラ移植臨床研究会学術大会（第9回）,https://medical.nikkeibp.co.jp/inc/all/gakkai/calendar/if2509030.html,2025.09.21（日）,大阪市北区
臨床アレルギー講習会（第8回）,https://medical.nikkeibp.co.jp/inc/all/gakkai/calendar/if2509022.html,2025.09.21（日）,
日本癌学会学術総会（第84回）,https://medical.nikkeibp.co.jp/inc/all/gakkai/calendar/if2509005.html,2025.09.25（木）-27（土）,金沢市
日本美容外科学会総会（第48回）,https://medical.nikkeibp.co.jp/inc/all/gakkai/calendar/if2509020.html,2025.09.25（木）-26（金）,東京都港区
日本周産期メンタルヘルス学会学術集会（第21回）,https://medical.nikkeibp.co.jp/inc/all/gakkai/calendar/if2510022.html,2025.09.26（金）-27（土）,東京都千代田区
日本小児リハビリテーション医学会学術集会（第5回）,https://medical.nikkeibp.co.jp/inc/all/gakkai/calendar/if2509011.html,2025.09.26（金）,旭川市
日本老年精神医学会（第40回）,https://medical.nikkeibp.co.jp/inc/all/gakkai/calendar/if2509029.html,2025.09.26（金）-27（土）,金沢市
医療安全心理・行動学会学術総会（第3回）,https://medical.nikkeibp.co.jp/inc/all/gakkai/calendar/if2509031.html,2025.09.27（土）-28（日）,東京都文京区
日本医療安全推進学会学術総会（第2回）,https://medical.nikkeibp.co.jp/inc/all/gakkai/calendar/if2509032.html,2025.09.27（土）-28（日）,東京都文京区
聖路加看護学会学術大会（第30回）,https://medical.nikkeibp.co.jp/inc/all/gakkai/calendar/if2509015.html,2025.09.27（土）,東京都中央区
日本臨床ウイルス学会【第29回日本ワクチン学会と合同学術集会】（第66回）,https://medical.nikkeibp.co.jp/inc/all/gakkai/calendar/if2510042.html,2025.09.27（土）-28（日）,札幌市白石区
日本ワクチン学会【第66回日本臨床ウイルス学会と合同学術集会】（第29回）,https://medical.nikkeibp.co.jp/inc/all/gakkai/calendar/if2510043.html,2025.09.27（土）-28（日）,札幌市白石区
日本血管腫血管奇形学会学術集会【第16回血管腫・血管奇形講習会と合同開催】（第21回）,https://medical.nikkeibp.co.jp/inc/all/gakkai/calendar/if2507004.html,2025.10.02（木）-3（金）,白浜町
日本てんかん学会学術集会（第58回）,https://medical.nikkeibp.co.jp/inc/all/gakkai/calendar/if2510048.html,2025.10.02（木）-4（土）,宇都宮市
日本医真菌学会総会・学術集会（第69回）,https://medical.nikkeibp.co.jp/inc/all/gakkai/calendar/if2511002.html,2025.10.03（金）-4（土）,高知市
日本医療・病院管理学会学術総会（第63回）,https://medical.nikkeibp.co.jp/inc/all/gakkai/calendar/if2510004.html,2025.10.04（土）-5（日）,東京都文京区
日本小児アレルギー学会学術大会（第62回）,https://medical.nikkeibp.co.jp/inc/all/gakkai/calendar/if2511017.html,2025.10.04（土）-5（日）,大阪市北区
日本肥満学会【第43回日本肥満症治療学会学術集会と合同開催】（第46回）,https://medical.nikkeibp.co.jp/inc/all/gakkai/calendar/if2510037.html,2025.10.04（土）-5（日）,岡山市北区
国際全人医療学会（第12回）,https://medical.nikkeibp.co.jp/inc/all/gakkai/calendar/if2510051.html,2025.10.05（日）,東京都千代田区
日本移植学会総会（第61回）,https://medical.nikkeibp.co.jp/inc/all/gakkai/calendar/if2509002.html,2025.10.09（木）-11（土）,名古屋市中村区
日本臨床眼科学会（第79回）,https://medical.nikkeibp.co.jp/inc/all/gakkai/calendar/if2511046.html,2025.10.09（木）-12（日）,大阪市北区
日本臨床免疫学会総会（第53回）,https://medical.nikkeibp.co.jp/inc/all/gakkai/calendar/if2510049.html,2025.10.09（木）-11（土）,千葉市美浜区
日本血液学会学術集会（第87回）,https://medical.nikkeibp.co.jp/inc/all/gakkai/calendar/if2510015.html,2025.10.10（金）-12（日）,神戸市中央区
日本心不全学会学術集会（第29回）,https://medical.nikkeibp.co.jp/inc/all/gakkai/calendar/if2510029.html,2025.10.10（金）-12（日）,米子市
医療系eラーニング全国交流会年次大会（第20回）,https://medical.nikkeibp.co.jp/inc/all/gakkai/calendar/if2510047.html,2025.10.11（土）-13（月祝）,札幌市北区
日本看護技術学会学術集会（第23回）,https://medical.nikkeibp.co.jp/inc/all/gakkai/calendar/if2510006.html,2025.10.11（土）-12（日）,京都市左京区
日本健康学会総会（第90回）,https://medical.nikkeibp.co.jp/inc/all/gakkai/calendar/if2510016.html,2025.10.11（土）-12（日）,札幌市北区
全日本病院学会in北海道（第66回）,https://medical.nikkeibp.co.jp/inc/all/gakkai/calendar/if2509016.html,2025.10.11（土）-12（日）,札幌市白石区
日本ヘルニア内視鏡外科手術手技研究集会（第23回）,https://medical.nikkeibp.co.jp/inc/all/gakkai/calendar/if2605023.html,2025.10.11（土）,東京都港区
日本ホスピス・在宅ケア研究会全国大会ｉｎなにわ（第32回）,https://medical.nikkeibp.co.jp/inc/all/gakkai/calendar/if2510040.html,2025.10.11（土）-12（日）,大阪市東淀川区
日本薬剤師会学術大会（第58回）,https://medical.nikkeibp.co.jp/inc/all/gakkai/calendar/if2509021.html,2025.10.12（日）-13（月祝）,京都市左京区
日本臨床内科医学会（第38回）,https://medical.nikkeibp.co.jp/inc/all/gakkai/calendar/if2509024.html,2025.10.12（日）-13（月祝）,高崎市
日本癌治療学会学術集会（第63回）,https://medical.nikkeibp.co.jp/inc/all/gakkai/calendar/if2510008.html,2025.10.16（木）-18（土）,横浜市西区
日本形成外科学会基礎学術集会（第34回）,https://medical.nikkeibp.co.jp/inc/all/gakkai/calendar/if2510014.html,2025.10.16（木）-17（金）,鹿児島市
日本整形外科学会基礎学術集会（第40回）,https://medical.nikkeibp.co.jp/inc/all/gakkai/calendar/if2510031.html,2025.10.16（木）-17（金）,青森市
日本精神科救急学会学術総会（第33回）,https://medical.nikkeibp.co.jp/inc/all/gakkai/calendar/if2510032.html,2025.10.16（木）-17（金）,高崎市
日本保険医学会定時総会（第122回）,https://medical.nikkeibp.co.jp/inc/all/gakkai/calendar/if2510039.html,2025.10.16（木）-17（金）,東京都千代田区
日本脈管学会学術総会（第66回）,https://medical.nikkeibp.co.jp/inc/all/gakkai/calendar/if2510041.html,2025.10.16（木）-17（金）,東京都千代田区
日本医学放射線学会秋季臨床大会（第61回）,https://medical.nikkeibp.co.jp/inc/all/gakkai/calendar/if2510002.html,2025.10.17（金）-19（日）,名古屋市中村区
日本クリニカルパス学会学術集会（第25回）,https://medical.nikkeibp.co.jp/inc/all/gakkai/calendar/if2510013.html,2025.10.17（金）-18（土）,富山市
日本高血圧学会総会（第47回）,https://medical.nikkeibp.co.jp/inc/all/gakkai/calendar/if2510017.html,2025.10.17（金）-19（日）,東京都中央区
日本脳循環代謝学会学術集会（第68回）,https://medical.nikkeibp.co.jp/inc/all/gakkai/calendar/if2511036.html,2025.10.17（金）-18（土）,さいたま市浦和区
日本放射線技術学会秋季学術大会（第53回）,https://medical.nikkeibp.co.jp/inc/all/gakkai/calendar/if2510038.html,2025.10.17（金）-19（日）,札幌市白石区
日本消化吸収学会総会（第56回）,https://medical.nikkeibp.co.jp/inc/all/gakkai/calendar/if2511016.html,2025.10.18（土）,京都市南区
日本アフェレシス学会学術大会（第46回）,https://medical.nikkeibp.co.jp/inc/all/gakkai/calendar/if2510050.html,2025.10.23（木）-25（土）,横浜市西区
日本アルコール・アディクション医学会学術総会（第60回）,https://medical.nikkeibp.co.jp/inc/all/gakkai/calendar/if2509001.html,2025.10.23（木）-25（土）,東京都千代田区
日本音声言語医学会総会・学術講演会（第70回）,https://medical.nikkeibp.co.jp/inc/all/gakkai/calendar/if2510005.html,2025.10.23（木）-24（金）,神戸市中央区
日本胸部外科学会定期学術集会（第78回）,https://medical.nikkeibp.co.jp/inc/all/gakkai/calendar/if2511010.html,2025.10.23（木）-25（土）,大阪市北区
日本農村医学会学術総会（第74回）,https://medical.nikkeibp.co.jp/inc/all/gakkai/calendar/if2510035.html,2025.10.23（木）-24（金）,大垣市
日本リハビリテーション医学会秋季学術集会（第9回）,https://medical.nikkeibp.co.jp/inc/all/gakkai/calendar/if2511045.html,2025.10.23（木）-25（土）,旭川市
日本アレルギー学会学術大会（第74回）,https://medical.nikkeibp.co.jp/inc/all/gakkai/calendar/if2510001.html,2025.10.24（金）-26（日）,東京都千代田区
日本呼吸ケア・リハビリテーション学会学術集会（第35回）,https://medical.nikkeibp.co.jp/inc/all/gakkai/calendar/if2511012.html,2025.10.24（金）-25（土）,新潟市中央区
日本自律神経学会総会（第78回）,https://medical.nikkeibp.co.jp/inc/all/gakkai/calendar/if2510028.html,2025.10.24（金）-25（土）,名古屋市中村区
日本禁煙科学会学術総会in京都（第20回）,https://medical.nikkeibp.co.jp/inc/all/gakkai/calendar/if2511011.html,2025.10.25（土）-26（日）,京都市左京区
神戸看護学会学術集会（第10回）,https://medical.nikkeibp.co.jp/inc/all/gakkai/calendar/if2510046.html,2025.10.25（土）,神戸市西区
日本腫瘍循環器学会学術集会（第8回）,https://medical.nikkeibp.co.jp/inc/all/gakkai/calendar/if2508009.html,2025.10.25（土）-26（日）,豊中市
日本ウイルス学会学術集会（第72回）,https://medical.nikkeibp.co.jp/inc/all/gakkai/calendar/if2511005.html,2025.10.28（火）-30（木）,浜松市中央区
日本救急医学会総会・学術集会（第53回）,https://medical.nikkeibp.co.jp/inc/all/gakkai/calendar/if2510010.html,2025.10.28（火）-30（木）,大阪市北区
日本公衆衛生学会総会（第84回）,https://medical.nikkeibp.co.jp/inc/all/gakkai/calendar/if2510018.html,2025.10.29（水）-31（金）,静岡市駿河区
日本耳科学会総会・学術講演会（第35回）,https://medical.nikkeibp.co.jp/inc/all/gakkai/calendar/if2510021.html,2025.10.29（水）-11.1（土）,福岡市博多区
日本脳神経外科学会学術総会（第84回）,https://medical.nikkeibp.co.jp/inc/all/gakkai/calendar/if2510034.html,2025.10.29（水）-11.1（土）,横浜市西区
日本肝臓学会大会JDDW 2025【第33回日本消化器関連学会週間として、第67回日本消化器病学会大会、第110回日本消化器内視鏡学会総会、第23回日本消化器外科学会大会、第63回日本消化器がん検診学会大会を開催】（第29回）,https://medical.nikkeibp.co.jp/inc/all/gakkai/calendar/if2510007.html,2025.10.30（木）-11.1（土）,神戸市中央区
日本消化器がん検診学会大会JDDW 2025【第33回日本消化器関連学会週間として、第67回日本消化器病学会大会、第110回日本消化器内視鏡学会総会、第29回日本肝臓学会大会、第23回日本消化器外科学会大会を開催】（第63回）,https://medical.nikkeibp.co.jp/inc/all/gakkai/calendar/if2510023.html,2025.10.30（木）-11.1（土）,神戸市中央区
日本消化器外科学会大会JDDW 2025【第33回日本消化器関連学会週間として、第67回日本消化器病学会大会、第110回日本消化器内視鏡学会総会、第29回日本肝臓学会大会、第63回日本消化器がん検診学会大会を開催】（第23回）,https://medical.nikkeibp.co.jp/inc/all/gakkai/calendar/if2510024.html,2025.10.30（木）-11.1（土）,神戸市中央区
日本消化器内視鏡学会総会JDDW 2025【第33回日本消化器関連学会週間として、第67回日本消化器病学会大会、第29回日本肝臓学会大会、第23回日本消化器外科学会大会、第63回日本消化器がん検診学会大会を開催】（第110回）,https://medical.nikkeibp.co.jp/inc/all/gakkai/calendar/if2510025.html,2025.10.30（木）-11.1（土）,神戸市中央区
日本消化器病学会大会JDDW 2025【第33回日本消化器関連学会週間として、第110回日本消化器内視鏡学会総会、第29回日本肝臓学会大会、第23回日本消化器外科学会大会、第63回日本消化器がん検診学会大会を開催】（第67回）,https://medical.nikkeibp.co.jp/inc/all/gakkai/calendar/if2510026.html,2025.10.30（木）-11.1（土）,神戸市中央区
日本小児内分泌学会学術集会（第58回）,https://medical.nikkeibp.co.jp/inc/all/gakkai/calendar/if2510027.html,2025.10.30（木）-11.1（土）,浦安市
JDDW 2025【第33回日本消化器関連学会週間として、第67回日本消化器病学会大会、第110回日本消化器内視鏡学会総会、第29回日本肝臓学会大会、第23回日本消化器外科学会大会、第63回日本消化器がん検診学会大会を開催】（第33回）,https://medical.nikkeibp.co.jp/inc/all/gakkai/calendar/if2510020.html,2025.10.30（木）-11.1（土）,神戸市中央区
全国自治体病院学会（第63回）,https://medical.nikkeibp.co.jp/inc/all/gakkai/calendar/if2510045.html,2025.10.30（木）-31（金）,高崎市
日本腎臓病薬物療法学会学術集会・総会（第19回）,https://medical.nikkeibp.co.jp/inc/all/gakkai/calendar/if2509014.html,2025.11.01（土）-2（日）,東京都港区
日本精神分析学会大会（第71回）,https://medical.nikkeibp.co.jp/inc/all/gakkai/calendar/if2511026.html,2025.11.01（土）-3（月祝）,新潟市中央区
日本国際保健医療学会学術大会（第40回）,https://medical.nikkeibp.co.jp/inc/all/gakkai/calendar/if2511041.html,2025.11.01（土）-2（日）,東京都板橋区
日本薬局学会学術総会（第19回）,https://medical.nikkeibp.co.jp/inc/all/gakkai/calendar/if2511044.html,2025.11.01（土）-2（日）,札幌市白石区
日本くすりと糖尿病学会学術集会（第13回）,https://medical.nikkeibp.co.jp/inc/all/gakkai/calendar/if2510012.html,2025.11.02（日）-3（月祝）,つくば市
日本職業・災害医学会学術大会（第73回）,https://medical.nikkeibp.co.jp/inc/all/gakkai/calendar/if2511020.html,2025.11.02（日）-3（月祝）,横浜市港北区
日本臨床スポーツ医学会学術集会（第36回）,https://medical.nikkeibp.co.jp/inc/all/gakkai/calendar/if2511050.html,2025.11.02（日）-3（月祝）,千葉市美浜区
日本生化学会大会（第98回）,https://medical.nikkeibp.co.jp/inc/all/gakkai/calendar/if2511024.html,2025.11.03（月祝）-5（水）,京都市左京区
日本気管食道科学会総会ならびに学術講演会（第76回）,https://medical.nikkeibp.co.jp/inc/all/gakkai/calendar/if2510009.html,2025.11.06（木）-7（金）,久留米市
日本肺癌学会学術集会（第66回）,https://medical.nikkeibp.co.jp/inc/all/gakkai/calendar/if2510036.html,2025.11.06（木）-8（土）,東京都千代田区
日本救急看護学会学術集会（第27回）,https://medical.nikkeibp.co.jp/inc/all/gakkai/calendar/if2511009.html,2025.11.07（金）-8（土）,札幌市白石区
日本大腸検査学会総会（第43回）,https://medical.nikkeibp.co.jp/inc/all/gakkai/calendar/if2510033.html,2025.11.07（金）-8（土）,秋田市
日本小児感染症学会総会・学術集会（第57回）,https://medical.nikkeibp.co.jp/inc/all/gakkai/calendar/if2511018.html,2025.11.08（土）-9（日）,浦安市
日本小児精神神経学会（第134回）,https://medical.nikkeibp.co.jp/inc/all/gakkai/calendar/if2606022.html,2025.11.08（土）-9（日）,大阪市中央区
日本プラセンタ医学会（第36回）,https://medical.nikkeibp.co.jp/inc/all/gakkai/calendar/if2511053.html,2025.11.09（日）,岡山市北区
医療情報学連合大会【第26回日本医療情報学会学術大会】（第45回）,https://medical.nikkeibp.co.jp/inc/all/gakkai/calendar/if2511003.html,2025.11.12（水）-15（土）,姫路市
日本脳神経血管内治療学会学術集会（第41回）,https://medical.nikkeibp.co.jp/inc/all/gakkai/calendar/if2511037.html,2025.11.12（水）-15（土）,大阪市北区
日本医業経営コンサルタント学会（第29回）,https://medical.nikkeibp.co.jp/inc/all/gakkai/calendar/if2510003.html,2025.11.13（木）-14（金）,高松市
日本核医学会学術総会【第45回日本核医学技術学会総会学術大会と合同開催】（第65回）,https://medical.nikkeibp.co.jp/inc/all/gakkai/calendar/if2511007.html,2025.11.13（木）-15（土）,京都市左京区
日本神経内視鏡学会（第32回）,https://medical.nikkeibp.co.jp/inc/all/gakkai/calendar/if2511021.html,2025.11.13（木）-14（金）,さいたま市大宮区
日本新生児成育医学会・学術集会（第69回）,https://medical.nikkeibp.co.jp/inc/all/gakkai/calendar/if2511023.html,2025.11.13（木）-15（土）,横浜市西区
日本病理学会秋期特別総会（第71回）,https://medical.nikkeibp.co.jp/inc/all/gakkai/calendar/if2511038.html,2025.11.13（木）-14（金）,名古屋市中村区
日本臨床神経生理学会学術大会【第62回日本臨床神経生理学会技術講習会と合同開催】（第55回）,https://medical.nikkeibp.co.jp/inc/all/gakkai/calendar/if2511057.html,2025.11.13（木）-15（土）,宜野湾市
日本手術医学会総会（第47回）,https://medical.nikkeibp.co.jp/inc/all/gakkai/calendar/if2512002.html,2025.11.14（金）-15（土）,広島市中区
日本大腸肛門病学会学術集会（第80回）,https://medical.nikkeibp.co.jp/inc/all/gakkai/calendar/if2511030.html,2025.11.14（金）-15（土）,東京都港区
日本認知療法・認知行動療法学会（第25回）,https://medical.nikkeibp.co.jp/inc/all/gakkai/calendar/if2507023.html,2025.11.14（金）-16（日）,東京都豊島区
日本線維筋痛症・慢性痛学会学術集会（第15回）,https://medical.nikkeibp.co.jp/inc/all/gakkai/calendar/if2511027.html,2025.11.15（土）-16（日）,東京都文京区
臨床スポーツ薬理学研究会（第3回）,https://medical.nikkeibp.co.jp/inc/all/gakkai/calendar/if2511058.html,2025.11.16（日）,東京都千代田区
日本小児がん看護学会学術集会【第67回日本小児血液・がん学会学術集会、第30回がんの子どもを守る会公開シンポジウムと合同開催】（第23回）,https://medical.nikkeibp.co.jp/inc/all/gakkai/calendar/if2512003.html,2025.11.19（水）-21（金）,福岡市博多区
日本小児血液・がん学会学術集会【第23回日本小児がん看護学会学術集会、第30回がんの子どもを守る会公開シンポジウムと合同開催】（第67回）,https://medical.nikkeibp.co.jp/inc/all/gakkai/calendar/if2512004.html,2025.11.19（水）-21（金）,福岡市博多区
日本人工臓器学会大会【IFAO2025：The meeting of International Federation for Artificial Organs 2025と合同開催】（第63回）,https://medical.nikkeibp.co.jp/inc/all/gakkai/calendar/if2511022.html,2025.11.19（水）-22（土）,浦安市
日本臨床外科学会学術集会（第87回）,https://medical.nikkeibp.co.jp/inc/all/gakkai/calendar/if2511047.html,2025.11.20（木）-22（土）,東京都新宿区
日本頭痛学会総会（第53回）,https://medical.nikkeibp.co.jp/inc/all/gakkai/calendar/if2512008.html,2025.11.21（金）-22（土）,横浜市西区
日本認知症学会学術集会（第44回）,https://medical.nikkeibp.co.jp/inc/all/gakkai/calendar/if2511034.html,2025.11.21（金）-23（日祝）,新潟市中央区
日本医療薬学会年会（第35回）,https://medical.nikkeibp.co.jp/inc/all/gakkai/calendar/if2511004.html,2025.11.22（土）-24（月休）,神戸市中央区
日本小児呼吸器学会学術集会（第57回）,https://medical.nikkeibp.co.jp/inc/all/gakkai/calendar/if2509010.html,2025.11.22（土）-23（日祝）,福岡市博多区
日本レーザー医学会総会【第35回日本光線力学学会学術講演会、第21回日本脳神経外科光線力学学会と共同開催】（第46回）,https://medical.nikkeibp.co.jp/inc/all/gakkai/calendar/if2511051.html,2025.11.22（土）-24（月休）,東京都港区
日本臨床皮膚科医会近畿ブロック総会・学術大会（第41回）,https://medical.nikkeibp.co.jp/inc/all/gakkai/calendar/if2511056.html,2025.11.23（日祝）,京都市下京区
日本めまい平衡医学会総会・学術講演会（第84回）,https://medical.nikkeibp.co.jp/inc/all/gakkai/calendar/if2511042.html,2025.11.26（水）-28（金）,横浜市西区
日本甲状腺学会学術集会（第68回）,https://medical.nikkeibp.co.jp/inc/all/gakkai/calendar/if2511054.html,2025.11.27（木）-29（土）,郡山市
全国介護老人保健施設大会　山口（第36回）,https://medical.nikkeibp.co.jp/inc/all/gakkai/calendar/if2511028.html,2025.11.27（木）-28（金）,下関市
日本放射線腫瘍学会学術大会（第38回）,https://medical.nikkeibp.co.jp/inc/all/gakkai/calendar/if2511040.html,2025.11.27（木）-29（土）,東京都千代田区
日本冠疾患学会学術集会（第38回）,https://medical.nikkeibp.co.jp/inc/all/gakkai/calendar/if2511008.html,2025.11.28（金）-29（土）,名古屋市中村区
日本小児整形外科学会学術集会（第36回）,https://medical.nikkeibp.co.jp/inc/all/gakkai/calendar/if2512005.html,2025.11.28（金）-29（土）,横浜市西区
日本医史学会総会・学術大会（第126回）,https://medical.nikkeibp.co.jp/inc/all/gakkai/calendar/if2511055.html,2025.11.29（土）-30（日）,奈良市
日本在宅看護学会学術集会（第15回）,https://medical.nikkeibp.co.jp/inc/all/gakkai/calendar/if2511014.html,2025.11.29（土）-30（日）,名古屋市中村区
日本腎不全看護学会学術集会・総会（第28回）,https://medical.nikkeibp.co.jp/inc/all/gakkai/calendar/if2511052.html,2025.11.29（土）-30（日）,神戸市中央区
日本東方医学会（第43回）,https://medical.nikkeibp.co.jp/inc/all/gakkai/calendar/if2511033.html,2025.11.29（土）-30（日）,東京都文京区
日本熱帯医学会大会（第66回）,https://medical.nikkeibp.co.jp/inc/all/gakkai/calendar/if2511035.html,2025.11.29（土）-30（日）,長崎市
日本臨床細胞学会秋期大会（第64回）,https://medical.nikkeibp.co.jp/inc/all/gakkai/calendar/if2511049.html,2025.11.29（土）-30（日）,広島市中区
日本分子生物学会年会（第48回）,https://medical.nikkeibp.co.jp/inc/all/gakkai/calendar/if2511039.html,2025.12.03（水）-5（金）,横浜市西区
日本運動器疼痛学会【JAPAN PAIN WEEKとして第47回日本疼痛学会、第29回日本ペインリハビリテーション学会学術大会、第30回日本口腔顔面痛学会と合同開催】（第18回）,https://medical.nikkeibp.co.jp/inc/all/gakkai/calendar/if2511006.html,2025.12.04（木）-6（土）,東京都江東区
日本臨床薬理学会学術総会（第46回）,https://medical.nikkeibp.co.jp/inc/all/gakkai/calendar/if2512014.html,2025.12.05（金）-6（土）,東京都千代田区
日本看護科学学会学術集会（第45回）,https://medical.nikkeibp.co.jp/inc/all/gakkai/calendar/if2512001.html,2025.12.06（土）-7（日）,新潟市中央区
日本がん口腔支持療法学会学術大会（第11回）,https://medical.nikkeibp.co.jp/inc/all/gakkai/calendar/if2512017.html,2025.12.06（土）-7（日）,東京都中央区
日本行動医学会学術総会（第32回）,https://medical.nikkeibp.co.jp/inc/all/gakkai/calendar/if2602006.html,2025.12.06（土）-7（日）,相模原市中央区
日本神経精神医学会学術集会（第30回）,https://medical.nikkeibp.co.jp/inc/all/gakkai/calendar/if2512006.html,2025.12.06（土）-7（日）,金沢市
日本心療内科学会総会・学術大会（第29回）,https://medical.nikkeibp.co.jp/inc/all/gakkai/calendar/if2512007.html,2025.12.06（土）-7（日）,東京都江東区
日本青年期精神療法学会総会（第42回）,https://medical.nikkeibp.co.jp/inc/all/gakkai/calendar/if2512016.html,2025.12.06（土）-7（日）,岡山市北区
日本糖尿病性腎症研究会（第36回）,https://medical.nikkeibp.co.jp/inc/all/gakkai/calendar/if2511032.html,2025.12.06（土）-7（日）,和歌山市
国際個別化医療学会学術集会（第30回）,https://medical.nikkeibp.co.jp/inc/all/gakkai/calendar/if2511013.html,2025.12.07（日）,東京都千代田区
日本免疫学会学術集会（第54回）,https://medical.nikkeibp.co.jp/inc/all/gakkai/calendar/if2512013.html,2025.12.10（水）-12（金）,姫路市
日本内視鏡外科学会総会（第38回）,https://medical.nikkeibp.co.jp/inc/all/gakkai/calendar/if2512010.html,2025.12.11（木）-13（土）,横浜市西区
日本消化器癌発生学会総会（第36回）,https://medical.nikkeibp.co.jp/inc/all/gakkai/calendar/if2512015.html,2025.12.16（火）-17（水）,福岡市中央区
日本患者由来がんモデル学会学術集会（2025）,https://medical.nikkeibp.co.jp/inc/all/gakkai/calendar/if2512018.html,2025.12.17（水）-19（金）,東京都中央区
日本人類遺伝学会大会（第70回）,https://medical.nikkeibp.co.jp/inc/all/gakkai/calendar/if2510030.html,2025.12.17（水）-20（土）,横浜市西区