Article番号,タイトル,URL
,東北大学大学院医学系研究科・医学部,https://www.med.tohoku.ac.jp/6124/
,東北大学大学院医学系研究科・医学部,https://www.med.tohoku.ac.jp/6123/
,東北大学大学院医学系研究科・医学部,https://www.med.tohoku.ac.jp/6122/
,2025年 | プレスリリース・研究成果,https://www.med.tohoku.ac.jp/6121/
,東北大学大学院医学系研究科・医学部,https://www.med.tohoku.ac.jp/6120/
,2025年 | プレスリリース・研究成果,https://www.med.tohoku.ac.jp/6119/
,東北大学大学院医学系研究科・医学部,https://www.med.tohoku.ac.jp/6118/
,東北大学大学院医学系研究科・医学部,https://www.med.tohoku.ac.jp/6117/
,東北大学大学院医学系研究科・医学部,https://www.med.tohoku.ac.jp/6093/
,東北大学大学院医学系研究科・医学部,https://www.med.tohoku.ac.jp/6116/
,東北大学大学院医学系研究科・医学部,https://www.med.tohoku.ac.jp/6115/
,東北大学大学院医学系研究科・医学部,https://www.med.tohoku.ac.jp/6114/
,2025年 | プレスリリース・研究成果,https://www.med.tohoku.ac.jp/6113/
,東北大学大学院医学系研究科・医学部,https://www.med.tohoku.ac.jp/6112/
,2025年 | プレスリリース・研究成果,https://www.med.tohoku.ac.jp/6111/
,2025年 | プレスリリース・研究成果,https://www.med.tohoku.ac.jp/6110/
,東北大学大学院医学系研究科・医学部,https://www.med.tohoku.ac.jp/6109/
,東北大学大学院医学系研究科・医学部,https://www.med.tohoku.ac.jp/6108/
,東北大学大学院医学系研究科・医学部,https://www.med.tohoku.ac.jp/6107/
,東北大学大学院医学系研究科・医学部,https://www.med.tohoku.ac.jp/6104/
,東北大学大学院医学系研究科・医学部,https://www.med.tohoku.ac.jp/6106/
,東北大学大学院医学系研究科・医学部,https://www.med.tohoku.ac.jp/6105/
,東北大学大学院医学系研究科・医学部,https://www.med.tohoku.ac.jp/6103/
,東北大学大学院医学系研究科・医学部,https://www.med.tohoku.ac.jp/6102/
,2025年 | プレスリリース・研究成果,https://www.med.tohoku.ac.jp/6101/
